name,MDVP:Fo(Hz),MDVP:Fhi(Hz),MDVP:Flo(Hz),MDVP:Jitter(%),MDVP:Jitter(Abs),MDVP:RAP,MDVP:PPQ,Jitter:DDP,MDVP:Shimmer,MDVP:Shimmer(dB),Shimmer:APQ3,Shimmer:APQ5,MDVP:APQ,Shimmer:DDA,NHR,HNR,status,RPDE,DFA,spread1,spread2,D2,PPE
335,98.166,104.067,95.589,0.00658,6.70E-05,0.00383,0.00391,0.01148,0.05525,0.5,0.02922,0.03321,0.04607,0.08767,0.019747,19.344,,,,,,,
351,99.078,101.045,95.789,0.00578,5.83E-05,0.00343,0.00345,0.01029,0.02264,0.211,0.01098,0.01307,0.0181,0.03293,0.014735,20.432,,,,,,,
385,99.078,101.045,95.789,0.00578,5.83E-05,0.00343,0.00345,0.01029,0.02264,0.211,0.01098,0.01307,0.0181,0.03293,0.014735,20.432,,,,,,,
454,99.078,101.045,95.789,0.00578,5.83E-05,0.00343,0.00345,0.01029,0.02264,0.211,0.01098,0.01307,0.0181,0.03293,0.014735,20.432,1,,,,,,
659,99.078,101.045,95.789,0.00578,5.83E-05,0.00343,0.00345,0.01029,0.02264,0.211,0.01098,0.01307,0.0181,0.03293,0.014735,20.432,0,,,,,,
697,100.462,108.074,88.936,0.00443,4.41E-05,0.00227,0.0025,0.00681,0.03388,0.295,0.01694,0.02123,0.03024,0.05081,0.0141,21.397,1,,,,,,
725,99.078,101.045,95.789,0.00578,5.83E-05,0.00343,0.00345,0.01029,0.02264,0.211,0.01098,0.01307,0.0181,0.03293,0.014735,20.432,1,,,,,,